제목,링크,본문,썸네일,요약
"與, 끝내 노란봉투법 강행…외국 기업들 ""韓시장 철수할 수도""",https://n.news.naver.com/mnews/article/025/0003458216,"28일 국회 환경노동위원회 법안소위에서 노란봉투법(노조법 2·3조 개정안) 심사가 진행되고 있다. 연합뉴스
한국에 진출한 유럽 기업들이 여당이 강행하는 노란봉투법(노조법 2·3조 개정안)에 대해 “기업인들을 잠재적인 범죄자(potential criminals)로 만들 수 있다”며 강한 반대 목소리를 냈다. 법 시행에 따른 법적 리스크가 커진다면 한국 시장에서 철수할 수 있다고도 밝혔다.

한국에 진출한 유럽 기업들의 대표 단체인 주한유럽상공회의소(ECCK)는 28일 입장문을 내고 “노동법상 사용자에게 부과되는 다수의 형사처벌 조항을 고려하면, 모호하고 확대된 사용자 정의는 기업인들을 잠재적인 범죄자로 만들고 경영 활동을 위축시킬 수 있다”며 “특히 외국 투자 기업들은 노동 관련 규제로 인한 법적 리스크에 민감하다. 예를 들어 교섭 상대 노조가 불분명한 상황에서 교섭을 거부했다는 이유로 형사처벌 위험에 직면할 경우 한국 시장을 철수할 수 있다”고 밝혔다.

더불어민주당이 추진하는 노란봉투법은 사용자 범위를 ‘근로조건에 실질적이고 구체적인 영향을 미치는 자’까지 확대하는 내용을 담고 있다. 문제는 기준이 모호하다 보니 법적 책임 범위를 놓고 다툼의 여지가 크다는 점이다. 한국 재계에서도 법치주의 원칙상 명확성 요건을 훼손한다고 지적하고 있다. 또 파업 등 쟁의 행위로 인한 손해배상 청구를 제한하는 내용도 포함돼 있다. 앞서 윤석열 정부에서 두 차례에 걸쳐 재의요구권(거부권)이 행사됐다.

ECCK는 “(노란봉투법은) 원·하청간 갈등을 심화시키고, 하청업체 근로자의 파업 증가 및 원청의 책임 부담 확대 등으로 이어질 수 있다”며 “지나치게 넓은 사용자 범위는 하도급 생태계를 불안정하게 만들고, 법적 예측가능성을약화시키며, 노사 간 건설적 대화보다 대립과 투쟁을 우선시하는 노동 문화를 조장할 수 있다”고 우려를 표했다. 이어 “현재와 미래 세대의 고용에 심각한 위협이 될 수 있는 바, 개정안의 재검토를 촉구한다“고 강조했다.

국내에 진출한 해외 기업 대표 단체가 여당 추진 법안에 공식적인 입장을 낸 것은 이례적이다. 그만큼 노란봉투법이 향후 한국 경제에 미칠 파급 효과가 크다고 우려하는 것이다. 손경식 한국경영자총협회 회장도 지난 14일 국회 환경노동위원회 여당 의원들과 가진 노동정책 간담회에서 “노조법 개정은 단순한 법 개정 차원의 문제가 아닌, 우리 노사관계에 엄청난 혼란을 가져올 수 있는 중대한 변화”라고 지적했다.

여당은 오는 8월 4일 본회의에서 노란봉투법을 통과시키겠다는 입장이다. 환노위 여당 간사인 김주영 의원은 이날 비공개 당정 실무협의를 마치고 “(8월 4일 통과를) 목표로 진행할 것”이라며 “작년 거부권이 행사됐던 법안을 기초로 좀 더 세부적인 내용을 담을 수 있게 의견을 조율했다”고 밝혔다. 여당은 이날 환노위 법안심사소위에서 노란봉투법을 통과시켰다.",https://imgnews.pstatic.net/image/025/2025/07/28/0003458216_001_20250729052150578.jpg?type=w800,28일 환경 환경노동위원회 법안소위에서 유럽 기업들이 여당이 강행하는 노란봉투법(노조법 2·3조 개정안)에 대해 “기업인들을 잠재적인 범죄자로 만들고 경영 활동을 위축시킬 수 있다”며 강한 반대 목소리를 냈고 연합뉴스한국에 진출한 유럽 기업들이 여당이 강행하는 노란봉투법(노조법 2·3조 개정안)에 대해 “기업인들을 잠재적인 범죄자로 만들고 경영 활동을 위축시킬 수 있다”며 강한 반대 목소리를 냈다.
원가혁신 강조한 LGD 정철동…“의미있는 턴어라운드 실현”,https://n.news.naver.com/mnews/article/029/0002971661,"“함께 힘을 모아 올해는 의미 있는 턴어라운드를 실현하고, 내년에는 성과를 더욱 가시화하자.”

정철동 LG디스플레이 사장은 지난 28일 파주에서 상반기 성과와 하반기 목표를 공유하는 타운홀 미팅 ‘CEO 온에어’ 자리에서 “모든 임직원이 각자의 자리에서 최선을 다해 준 덕분에 실질적 성과가 나타나고 있다”며 이 같이 말했다.

이날 정 사장은 상반기 원가혁신과 품질개선 등에서 유의미한 성과를 거뒀다며, 체질개선과 차별화된 사업 경쟁력 확보에 힘쓴 결과라고 설명했다.

정 사장은 하반기 관세 변동, 소비 둔화, 경쟁 심화 등 외부 환경이 녹록지 않을 것으로 예상하면서 원가혁신 가속화를 통한 사업 경쟁력 확보를 강조했다. 그는 “근원적 원가 체질개선이 최우선 과제”라며 품질과 수율 개선에 힘쓸 것을 당부했다. 특히 “원가혁신은 생존의 조건이며, 품질은 자사에 대한 고객의 신뢰”라며 품질의 중요성을 강조했다.

이어 “새로운 생각과 시도로 혁신을 앞당겨 매월, 매분기마다 영업이익을 낼 수 있는 안정적인 수익기반을 만들어야 한다”며 이를 위해 “해마다 반복되는 ‘상저하고(上低下高)’ 사업적 계절성을 당연하다고 여기는 관행을 버려야 한다”고 당부했다.

LG디스플레이는 정 사장 주도에 따라 조직문화 활성화에도 속도를 낸다. 하반기 조직문화 캠페인으로는 ‘칭찬 데이’를 실시하고 매월 마지막 주 목요일에는 진정성을 담아 선후배, 동료에게 칭찬하는 문화를 조성하고 있다. 정 사장은 “칭찬과 상호 존중 문화를 만들어 가자”며 칭찬의 습관화와 일상화를 임직원 모두에게 전했다.

이날 ‘CEO 온에어’는 700여명의 현장 참석자와 국내외 사업장 임직원들이 온라인 생중계로 함께했다. 정 사장은 분기별 타운홀 미팅인 ‘CEO 온에어’를 비롯해 사업별로 진행하는 ‘현장경영’, 사업그룹·센터 단위 소통 간담회 ‘CEO가 간다’, 테마별 소규모 오찬 간담회 ‘정담회’·‘차담회’ 등 세분화된 소통프로그램을 통해 현장에서 직접 구성원과 만나며 ‘스피크업(Speak-up)’ 문화를 만들어 가고 있다.

정철동 LG디스플레이 사장. LG디스플레이 제공",https://imgnews.pstatic.net/image/029/2025/07/29/0002971661_001_20250729100010296.jpg?type=w800,"정철동 LG디스플레이 사장은 지난 28일 파주에서 열린 타운홀 미팅 ‘CEO 온에어’ 자리에서 “모든 임직원이 각자의 자리에서 최선을 다해 준 덕분에 실질적 성과가 나타나고 있다”며 체질개선과 차별화된 사업 경쟁력 확보에 힘쓴 결과라고 말하며 하반기 관세 변동, 소비 둔화, 경쟁 심화 등 외부 환경이 녹록지 않을 것으로 예상하면서 원가혁신 가속화를 통한 사업 경쟁력 확보를 강조했다."
"중기부, '지역주도 AI 대전환' 추진…광역지자체 모집",https://n.news.naver.com/mnews/article/018/0006076147,"5개 광역지자체 선정…총 350억 지원
지역산업 기반 AI 활용 확산 유도
[이데일리 김응태 기자] 중소벤처기업부는 ‘2025년 지역 주도형 인공지능(AI) 대전환’ 사업에 참여할 광역지방자치단체(서울 제외)를 모집한다고 29일 밝혔다.

사진=중소벤처기업부
이번 사업 예산은 총 350억원 규모로 광역지자체가 지역산업의 특성을 반영해 다양한 AI를 활용·확산하도록 지원한다. 지자체별로 평균 70억원(총사업비의 60% 이내)을 제공하며 광역지자체는 중소기업의 자부담을 포함해 총사업비의 40% 이상을 매칭해야 한다. 경쟁률 및 사업성과 창출을 도모하기 위해 평가 결과에 따라 사업비 차등 지원도 추진한다.

사업 참여를 희망하는 광역지자체는 지역의 산업 특성을 반영해 자유롭게 기획한 AI 솔루션 개발 및 보급, AI 실증 테스트베드 및 클라우드 기반 AI 환경 구축 등 다양한 프로그램으로 신청 가능하다.

자세한 사항은 전담기관인 중소벤처기업진흥공단 중소기업 AI 활용·확산 전담반을 통해 문의할 수 있다. 오는 8월 29일까지 공고를 참고해 문의처로 접수해야 한다. 추진 역량, 전문성, 실현성 등을 고려해 오는 10월 최종 참여 지자체를 선정할 계획이다.

한성숙 중기부 장관은 “지역 중소기업의 신속한 AI 활용 및 확산을 통해 중소기업의 생산성과 경쟁력이 향상하기를 희망한다”며 “앞으로 중소기업의 AI 역량 강화를 위해 지속적으로 노력을 기울이겠다”고 밝혔다.",https://imgnews.pstatic.net/image/018/2025/07/29/0006076147_001_20250729120217616.jpg?type=w800,중소벤처기업부는 ‘2025년 지역 주도형 인공지능(AI) 대전환’ 사업에 참여할 광역지방자치단체(서울 제외)를 모집하며 지자체별로 평균 70억원(총사업비의 60% 이내)을 제공하며 광역지자체는 중소기업의 자부담을 포함해 총사업비의 40% 이상을 매칭해야 한다고 밝혔다.    
"KT, AI 보이스피싱 탐지서비스 고도화…연 2000억 피해액 예방 목표",https://n.news.naver.com/mnews/article/030/0003336194,"모델이 KT 'AI 보이스피싱 탐지 서비스 2.0'을 소개하고 있다.

KT는 국내 최초로 '화자인식'과 '딥보이스(AI 변조 음성) 탐지' 기능을 통합한 실시간 'AI 보이스피싱 탐지서비스 2.0'을 상용화한다고 29일 밝혔다.

이번 서비스는 기존 문맥 기반 탐지 기술에 더해 범죄자 실제 음성을 인식하고, AI로 변조된 음성까지 식별할 수 있는게 특징이다.

KT는 과학기술정보통신부, 개인정보보호위원회, 국립과학수사연구원 등 민관 기술력을 모아 AI 보이스피싱 탐지 기술을 고도화했다.

대표적인 기능은 화자인식 기능이다. 개인정보보호위원회의 규제점검 및 승인을 거쳐 국내 최초로 상용화에 성공했다. 이 기능은 국립과학수사연구원이 제공한 보이스피싱 범죄자의 실제 신고 음성을 기반으로, 성문정보를 분석해 범죄 여부를 탐지한다. 국립과학수사연구원은 10개월간 그놈목소리 데이터를 전수조사하고 정제했다.

KT는 AI 음성합성(TTS) 기술로 생성된 변조 음성을 판별하는 '딥보이스 탐지' 기능도 함께 제공한다. 이 기술은 지난 2024년 5월 건강보험공단 고객센터에서 선보인 바 있다.

올해 상반기 동안 KT AI 보이스피싱 탐지서비스는 약 1460만건의 통화 트래픽을 분석해 91.6%의 탐지 정확도를 기록했다. 피해 예방액만 약 710억원에 달한다. 이는 서비스 초기(90.3%) 대비 1.3%포인트 향상된 수치다.

KT는 이번 2.0 버전 출시를 통해 연간 2000억원 이상의 피해 예방과 95% 이상의 탐지 정확도 달성을 목표로 하고 있다.

KT AI 보이스피싱 탐지 서비스 2.0은 삼성전자 갤럭시S23시리즈 이상 단말기에서 이용 가능하다. 통신사에 관계없이 '후후(whowho)' 앱을 설치하면 이용할 수 있다. 적용 가능한 단말기는 향후 순차적으로 확대해 나갈 예정이다.

이현석 KT 커스터머 부문장 부사장은 “이번 기술 상용화를 계기로 금융권과의 협업도 한층 강화해 고객 피해를 획기적으로 줄여 나가겠다”고 말했다.",https://imgnews.pstatic.net/image/030/2025/07/29/0003336194_001_20250729120122432.jpg?type=w800,"29일 KT 과학기술정보통신부, 개인정보보호위원회, 국립과학수사연구원 등 민관 기술력을 모아 국내 최초로 '화자인식'과 '딥보이스(AI 변조 음성) 탐지' 기능을 통합한 실시간 'AI 보이스피싱 탐지서비스 2.0'을 상용화한다고 밝혔으며 AI 음성합성 기술로 생성된 변조 음성을 판별하는 '딥보이스 탐지' 기능도 함께 제공한다."
고령인구 1000만명 시대…'독거노인' 5년새 50% 급증,https://n.news.naver.com/mnews/article/018/0006076149,"통계청 ‘2024년 인구주택총조사’ 결과
총 인구 5181만명·고령인구는 1012만명
50대인구 16.8% 최다, 유소년은 10.5%
1·2인 가구 65%, 빈집은 총 주택의 8%
[세종=이데일리 강신우 기자] 고령인구가 1000만명을 넘어 전체 인구의 20%가량을 차지한 것으로 나타났다.

(사진=연합뉴스)
1인 가구의 비중은 또 역대 최대치를 갈아치운 가운데, 독거 노인 비중은 5년 새 약 50% 급증했다. 고령화와 기대수명 연장에 더해 배우자 사별 탓에 홀로 사는 고령층이 증가했단 분석이 나온다.

고령 인구 1012만명…전년比 5.3%↑

29일 통계청이 발표한 ‘2024년 인구주택총조사 결과’(등록센서스 방식)를 보면, 지난해 내국인 고령인구(65세 이상)는 1012만 2000명으로 1년 전보다 51만 3000명(5.3%) 증가한 것으로 집계됐다. 총 인구는 5181만명(내국인 4976만명·외국인 204만명)으로 전년대비 0.1% 늘었다.

고령인구는 전체 인구의 19.5%로 유소년 인구(542만 1000명·10.5%)보다 많았다. 유소년인구 100명당 고령인구인 ‘노령화지수’는 186.7로 전년대비 15.7 증가한 것으로 나타났다. 15~64세 생산연령인구는 3626만 3000명으로 70%를 차지했다.

연령대별로는 50대 인구가 전체 인구의 16.8%(871만 3000명)를 차지해 가장 많았고 이어 40대(15.1%·1012만 2000명), 0~14세 유소년 인구 10.5%(542만 1000명) 순이다. 유소년과 생산연령인구는 전년대비 각각 3.5%(19만 9000명), 0.8%(28만 3000명) 감소한 반면 고령인구는 5.3%(51만 3000명) 증가했다. 생산연령인구는 2018년(3765만명) 정점 이후 지속적으로 감소하는 추세다.

시도별로는 유소년 인구 비율은 세종이 17.6%로 가장 높았고 생산연령은 서울(72.2%), 고령은 전남(26.3%)이 가장 높았다. 전년대비 노령화지수 증감은 경북(22.4)이 가장 높고 세종(5.4)이 가장 낮았다.

‘4인 가구 표준’은 옛말…1·2인 가구 65%

1인 가구는 일반가구의 36.1%(804만 5000가구)로 전년대비 2.8% 증가하며 전체 가구 중 비중이 가장 높았다. 연령대별 비중은 20대 이하가 17.8%로 가장 높았고 이어 60대(17.6%), 30대(17.4%)순이며 남자는 30대(21.8%), 여자는 60대(18.7%) 비율이 높았다. 일반가구 중 1·2인 가구는 전체 가구의 절반 이상인 65.1%(1452만 가구)를 차지했으며, 3인 이하 가구는 증가, 4인 이상 가구는 감소하는 추세를 보였다. 이에 일반적인 가구의 표준이 4인 가구라는 말은 옛말이 됐다.

독거노인도 급증했다. 전년대비 고령자 1인 가구는 7.0% 늘어난 228만 9000명으로 집계됐다. 시계열을 넓혀 2019년(153만 3000명) 대비로 보면 2024년 기준 독거노인이 49.3% 증가한 것으로 나타났다. 이는 고령화가 빠르게 진행되는데다 기대수명이 늘어난 영향 때문으로 분석된다. 김서영 통계청 인구총조사과장은 “1955년생 베이비붐 세대가 고령층으로 들어오면서 고령화가 빨리 진행이 됐고 기대수명은 늘어난데다 사별에 따른 1인 가구가 증가한 것으로 보인다”고 했다.

실제 통계청이 작년 12월 발표한 ‘2024 통계로 보는 1인 가구’를 보면, 고령층 1인 가구가 늘어난 주된 이유는 ‘배우자 사별’이 꼽혔다. 2023년 기준 배우자 사망으로 1인 가구로 생활한다는 응답 비율은 31.9%로, 3년 전(23.4%)보다 8.5%포인트 올랐다.

빈집 159만 9000호…총 주택의 8.0% 차지

주택 부문에선 작년 11월1일 기준 총 주택은 1987만호로 전년대비 1.7% 늘었다. 단독주택은 384만호(19.3%)로 전년 대비 0.5%(2만호) 감소했고 공동주택 중 아파트는 1297만호(전년대비 2.7% 증가)로 총 주택의 65.3% 차지했다. 단독주택의 57.9%, 아파트의 19.4%는 노후기간이 30년 이상된 주택으로 파악됐다.

미거주 주택(빈집)도 늘었다. 빈집은 159만 9000호로 전년 대비 4.2%(6만 4000호) 증가했으며 전체 주택 중 빈집의 비율은 8.0%를 차지해 전년 대비 0.2%포인트 증가했다.

시도별로 건축된 지 30년 이상 된 빈집 비율이 높은 지역은 전남 8.8%(7만 4000호), 경북 7.1%(8만호), 전북 6.6%(5만 1000호) 순을 보였다. 빈집은 사람이 살지 않는 주택을 말하며 신축주택 및 매매·이사 등의 사유로 인한 미거주 주택도 포함된다.

이 밖에도 (반)지하가 있는 주택은 26만 1000호, 옥탑이 있는 주택은 3만 4000호로 총 주택의 각각 1.3%, 0.2% 차지했다.

(자료=통계청)",https://imgnews.pstatic.net/image/018/2025/07/29/0006076149_001_20250729120222801.jpg?type=w800,"통계청이 발표한 ‘2024년 인구주택총조사 결과’(등록센서스 방식)를 보면, 지난해 내국인 고령인구(65세 이상)는 1012만 2000명으로 1년 전보다 51만 3000명(5.3%) 증가한 것으로 집계되었으며 독거 노인 비중은 5년 새 약 50% 급증한 것으로 나타났다."
"삼성 ‘아픈 손가락’ 파운드리, 테슬라 타고 질주한다",https://n.news.naver.com/mnews/article/023/0003919769,"일론 머스크 테슬라 CEO./로이터 연합뉴스

일론 머스크 테슬라 최고경영자(CEO)가 삼성전자에 차세대 칩 생산을 맡겼다고 밝혔다. 앞서 삼성전자는 글로벌 기업에 22조8000억원 규모의 반도체 위탁생산 물량을 수주했다고 밝혔는데, 이 기업이 테슬라라는 것을 머스크가 직접 밝힌 것이다. 머스크는 또한 삼성전자가 밝힌 수주 규모보다 생산 규모는 더 클 수 있다고 밝혔다.

머스크는 27일(현지 시각) X(옛 트위터)에 “삼성의 거대한 텍사스 신규 팹(반도체 생산 시설)이 테슬라 차세대 AI6 칩 생산에 전념할 예정”이라며 “이것의 전략적 중요성은 아무리 강조해도 지나치지 않다”고 했다. 이어 “현재 삼성전자는 AI4를 만들고 있다”며 “최근 디자인을 마친 AI5는 TSMC가 대만에서 첫 생산한 이후 애리조나에서 만들어질 예정”이라고 했다.

머스크는 다른 이용자 게시물에 대한 답글에서 “165억달러 수치는 단지 최소액”이라며 “실제 생산량은 몇 배 더 높을 것 같다”고 했다. 이날 삼성전자가 밝힌 약 22조8000억원보다 더 많은 생산 규모가 될 수 있다는 뜻이다.

머스크는 또 “삼성이 테슬라 제조 효율성 극대화에 도움을 주기로 했다”며 “직접 현장을 방문해 진행 속도를 높일 예정이다. 공장이 내 집에서 멀지 않은 편리한 곳에 위치해 있다”고 했다.",https://imgnews.pstatic.net/image/023/2025/07/28/0003919769_001_20250728170310078.jpg?type=w800,"머스크는 27일(현지 시각) X(옛 트위터)에 ""삼성의 거대한 텍사스 신규 팹(반도체 생산 시설)이 테슬라 차세대 AI6 칩 생산에 전념할 예정""이라며 ""삼성이 테슬라 제조 효율성 극대화에 도움을 주기 위해 직접 현장을 방문해 진행 속도를 높일 예정""이라고 밝혔다."
혼자 사는 ‘1인 가구’ 36%…43만 가구 반지하·옥탑 살아,https://n.news.naver.com/mnews/article/056/0011998418,"혼자 사는 1인 가구가 전체의 36%를 넘겼고, 전국의 43만여 가구가 반지하나 옥탑 주택에 살고 있는 거로 조사됐습니다.

통계청은 이 같은 내용은 ‘2024 인구주택총조사 결과’를 발표했습니다.

2024년 11월 1일을 기준으로 국내에 사는 총인구는 5,181만 명으로 1년 전보다 3만 명 늘었습니다.

내국인은 8만 명 감소한 4,976만 명, 상주 외국인은 11만 명 늘어 204만 명이었습니다.

매년 늘고 있는 수도권 인구는 2,631만 명으로 전체 인구의 50.8%를 차지했습니다.

전체 가구는 2,700만 가구로 1년 전보다 27만 가구 늘었습니다.

인구수보다 가구 수가 더 빨리 느는 현상이 계속됐습니다.

1인 또는 2인 가구가 계속 늘고 있기 때문인데, 1인 가구는 전체 일반 가구의 36.1%였습니다.

2000년대 들어 1인과 2인 가구 비중은 계속 늘고 있습니다.

1인과 2인 가구의 비중을 더하면 전체의 65.1%였고, 평균 가구원 수는 2.19명이었습니다.

우리나라의 일반적인 식구 수는 2.1명 정도라는 뜻입니다.

아파트에 거주하는 가구가 전체의 53.9%였고, 아파트 거주 비율이 가장 높은 곳은 세종특별시였습니다.

지하나 반지하에 사는 가구는 39만 8천 가구, 옥탑 주택에 사는 가구는 3만 6천 가구였습니다.

43만여 가구에 사는 80만 명 안팎이 가장 취약한 주거 형태에 살고 있다는 뜻입니다.

이번 조사는 5년 단위로 진행하는 현장 조사가 아니라, 매년 각종 행정자료를 토대로 조사하는 ‘등록센서스’ 입니다.

더 자세한 결과는 통계청 홈페이지 등을 통해 확인할 수 있습니다.

■ 제보하기
▷ 전화 : 02-781-1234, 4444
▷ 이메일 : kbs1234@kbs.co.kr
▷ 카카오톡 : 'KBS제보' 검색, 채널 추가
▷ 네이버, 유튜브에서 KBS뉴스를 구독해주세요!",https://imgnews.pstatic.net/image/056/2025/07/29/0011998418_001_20250729120219328.jpg?type=w800,"2024 인구주택총조사 결과에서 1인 가구가 전체의 36%를 넘겼고, 전국의 43만여 가구가 반지하나 옥탑 주택에 살고 있는 것으로 조사되었는데, 통계청 홈페이지 등을 통해 확인할 수 있으며, 특히 통계청 홈페이지 등을 통해 제보하기 전화가 많이 오고있다.      "
전북·경남 기회발전특구 추가 지정…약 1조7000억원 규모 기업투자,https://n.news.naver.com/mnews/article/119/0002984856,"투자규모 증가 따른 울산 기회발전특구 지정면적 확대
기회발전특구 전체 지정 현황(2025년 7월 기준).ⓒ산업통상자원부
[데일리안 = 임은석 기자] 전라북도와 경상남도가 기회발전특구로 추가 지정됐다. 이에 따라 전북과 경남 지역에 약 1조7000억원 규모의 기업투자가 이뤄질 것으로 전망된다. 또 투자규모 증가에 따라 울산 기회발전특구의 지정면적이 확대됐다.

산업통상자원부는 지난해 세 차례에 걸쳐 기회발전특구를 지정한 이후 올해 처음으로 전북·경남 기회발전특구 추가 지정과 울산 기회발전특구 지정면적 변경 사항을 30일 고시한다.

기회발전특구는 지방에 기업의 대규모 투자를 유치하기 위해 세제·재정 지원, 정주여건 개선 등을 패키지로 지원하는 구역을 말한다.

전북특별자치도는 라이프케어 등 관련 기업들의 투자계획이 제시된 남원시에 15만5000평이 지정됐다.

경상남도는 나노융합산업, 이차전지 소재, 모빌리티 부품 등 관련 기업들의 투자계획이 제시된 밀양시·하동군·창녕군에 총 67만1000평이 대상이다.

울산광역시는 남구 기회발전특구 내 데이터센터 투자규모가 증가됨에 따라 지정면적이 6000평에서 1만1000평으로 확대됐다.

이번에 지정된 전북·경남 기회발전특구에는 40여개의 기업이 약 1조7000억원의 신규투자를 계획하고 있다. 산업부는 예정된 투자가 적기에 이루어질 수 있도록 지방자치단체, 기업과 긴밀히 소통해 나갈 예정이다.

기회발전특구는 시·도별 면적상한(광역시 150만평, 도 200만평) 내에서 신청이 가능하며 이번 지정을 통해 경남은 14개 비수도권 시·도 중 처음으로 면적상한을 전부 소진했다.

다만 지난 6월 비수도권 외국인투자는 기회발전특구 면적상한을 초과할 수 있도록 고시를 개정한 바 있어, 경남이향후 외국인투자를 유치할 경우 그 해당되는 면적만큼 기회발전특구 추가 신청이 가능해진다.

또한, 기회발전특구는 '수시 신청·지정' 방식으로 운영중인 만큼 정부는 앞으로도 기업의 지방투자에 대해 신속히 기회발전특구 지정 절차를 추진해 나갈 계획이다.",https://imgnews.pstatic.net/image/119/2025/07/29/0002984856_001_20250729110115764.jpg?type=w800,"전라북도와 경상남도가 기회발전특구로 추가 지정됨에 따라 전북과 경남 지역에 약 1조7000억원 규모의 기업투자가 이뤄질 것으로 전망되며, 투자규모 증가에 따라 울산 기회발전특구의 지정면적이 확대되고, 울산 기회발전특구 지정면적 변경 사항을 30일 고시하였다.

기회발전특구는 지방에 기업의 대규모 투자를 유치하기 위해 세제·재정 지원, 정주여건 개선 등을 패키지로 지원하는 구역을 말한다."
"‘막바지 관세 협상’ 구윤철 출국…김정관, 스코틀랜드 따라가 협상",https://n.news.naver.com/mnews/article/056/0011998419,"‘막바지 관세 협상’ 구윤철 출국…김정관, 스코틀랜드 따라가 협상
KBS뉴스
재생
574
01:51



[앵커]

미국의 25% 상호관세 부과 시점이 사흘 앞으로 다가온 가운데, 구윤철 기획재정부 장관이 미국 재무장관과의 협의를 위해 오늘 오전 출국했습니다.

구 장관은 관세 부과를 하루 앞두고 미국 재무장관과 최종 담판을 벌일 예정입니다.

김채린 기자가 보도합니다.

[리포트]

지난 24일 미국 측의 갑작스런 2+2회의 취소 통보로 출국 직전 미국행이 무산됐던 구윤철 기획재정부 장관.

오늘, 스콧 베센트 미국 재무장관과의 면담을 위해 미국으로 출국했습니다.

[구윤철/기획재정부 장관 : ""국익을 중심으로 한미 간에 상생할 수 있는 그런 협상안이 마련되도록 최선의 노력을 다하겠단 말씀을 드리겠습니다.""]

구 장관은 미국의 상호관세 부과 하루 전인 오는 31일, 미국 워싱턴DC에서 베센트 장관과 통상 협상에 나설 예정입니다.

조현 외교부 장관도 같은날 미국에서 한미 외교장관회담을 갖습니다.

협상 막바지에 고위급 관료들이 모두 미국에서 총력전을 벌이는 모양샙니다.

미국 워싱턴DC와 뉴욕에서 러트닉 미 상무장관과 협상했던 김정관 산업통상자원부 장관과 여한구 산업부 통상교섭본부장은, 주말 사이 러트닉 장관이 출장간 스코틀랜드에도 찾아가 협상을 이어갔습니다.

러트닉 장관은 언론 인터뷰에서 ""한국인들이 나와 그리어 미 무역대표부 대표를 만나러 스코틀랜드로 왔다""며, ""그들이 얼마나 진정으로 협상 타결을 원하는지 생각해보라""고 말했습니다.

김동관 한화그룹 부회장도 미국을 방문해 협상을 지원하고 있습니다.

한국 정부가 조선업 협력을 앞세워 미국과의 협상 타결을 추진 중인 가운데, 정부가 제안한 조선업 협력 프로젝트를 미국 측에 설명하기 위한 걸로 전해졌습니다.

KBS 뉴스 김채린입니다.

촬영기자:권순두/영상편집:최정연

■ 제보하기
▷ 전화 : 02-781-1234, 4444
▷ 이메일 : kbs1234@kbs.co.kr
▷ 카카오톡 : 'KBS제보' 검색, 채널 추가
▷ 네이버, 유튜브에서 KBS뉴스를 구독해주세요!",https://imgnews.pstatic.net/image/056/2025/07/29/0011998419_001_20250729121013950.jpg?type=w800,"구윤철 기획재정부 장관은 25% 상호관세 부과 시점이 사흘 앞으로 다가온 가운데, 구윤철 기획재정부 장관이 미국 재무장관과의 협의를 위해 오늘 오전 출국하였으며, 구 장관은 관세 부과를 하루 앞두고 미국 재무장관과 최종 담판을 벌일 예정이며, 구 장관은 관세 부과를 하루 앞두고 미국 재무장관과 최종 담판을 벌일 예정이다."
김윤덕 국토장관 후보 인사청문회…공급대책·LH개혁 윤곽,https://n.news.naver.com/mnews/article/015/0005163882,"6·27 후속 공급대책, 유휴부지·재개발 방점
""이 대통령, 공격적·능동적 LH 개혁 주문""
김윤덕 국토교통부 장관 후보자. 사진=뉴스1

김윤덕 국토교통부 장관 후보자에 대한 인사청문회가 29일 국회에서 열린다. 6·27대책 후속 공급 대책과 한국토지주택공사(LH) 개혁 방안이 도마 위에 오를 것으로 보인다.

국회 국토교통위원회(국토위)는 이날 오전 10시 김 후보자에 대한 인사청문회를 개최한다. 인사청문회에선 '주택담보대출(주담대) 한도 6억 제한'이라는 초고강도 규제가 담긴 6·27 대책에 대한 평가와 함께 후속 대책에 대한 질문이 주를 이룰 전망이다.

김 후보자는 인사청문회 서면 답변서에서 6·27 대책에 대해 ""서울을 중심으로 과열된 주택 시장이 규제 이후 가격 상승세가 둔화하는 등 일정 부분 안정화되고 있다""며 ""시장 안정을 위해 선호 입지에 양질의 주택을 신속히 공급하겠다""고 밝힌 바 있다.

세부 공급 방안에 대해서는 ""(4기 신도시 등) 또 다른 신도시를 만들기보다 기존 도심 내 유휴부지 활용, 재개발·재건축 활성화 등을 통한 주택공급 확대 방안을 먼저 모색하는 것이 바람직하다""고 강조했다.

재건축 활성화 방안으로 거론되는 재건축초과이익환수제(재초환) 폐지와 관련해서는 ""재건축 사업에서 발생한 과도한 시세차익이나 개발이익에 대해서는 공공과 민간의 이익을 균형 있게 조율할 수 있는 합리적 대안이 검토·논의될 필요가 있다""고 원론적 답변을 내놨었다.

LH 개혁 방안도 보다 구체적인 윤곽이 드러날 전망이다. 이재명 대통령은 지난달 국무회의에서 택지를 조성하고 민간에 매각해 수익을 내는 LH 사업 방식이 집값 상승을 부추긴다며 강하게 비판한 바 있다. LH가 기존과 같이 택지를 매각하지 않고 직접 공공주택이나 임대주택으로 개발하려면 구조개혁이 불가피하다.

김 후보자는 지난 15일 첫 출근길에서 대통령의 특별한 지시가 있었느냐는 기자들의 질문에 ""LH 개혁을 직원 문제를 떠나 구조적이고, 판을 바꿀 수 있는, 큰 규모의 개혁을 염두에 두면서 능동적이고 공격적으로 임해달라는 정도의 주문을 받았다""고 전했다. 김 후보자는 인사청문회에서 LH 혁신안 일부를 공개할 것으로 알려졌다.

청문회에서는 김 후보자의 도덕성 검증도 이뤄질 것으로 보인다. 김 후보자는 장녀의 아파트 전세금 6억5000만원을 빌려주면서 재산 신고에서 누락해 국회의원 시절 연말정산 이중 공제를 받았다는 의혹이 제기됐다. 전북도의원 시절 아파트 분양권을 전매했다는 논란도 있었다. 김 후보자 측은 ""재산 신고 누락은 단순 착오""라며 ""분양권은 채무자 사정으로 대물변제받으며 취득했다. 시세 차익을 노린 게 아니다""라고 해명했다.

한편 더불어민주당 3선 중진 국회의원인 김 후보자는 호남의 대표적 친명계(친이재명)로 민주당 사무총장을 역임한 바 있다. 19대와 21대 국회에서 국토교통위원회 위원으로 의정 경험을 쌓았다.",https://imgnews.pstatic.net/image/015/2025/07/29/0005163882_001_20250729082215277.jpg?type=w800,"29일 국회에서 국토교통위원회는 '김윤덕 국토교통부 장관 후보자에 대한 인사청문회'를 개최해 부동산담보대출(주담대) 한도 6억 제한'이라는 초고강도 규제가 담긴 6·27 대책에 대한 평가와 함께 후속 대책에 대한 질문이 주를 이룰 것으로 예상된다. 










"
